refYear,country,imports,exports,total_trade,import_export_ratio,prev_trade,yoy_change,volatility_score,dependency_score,year,event_count,avg_goldstein,avg_tone,conflict_ratio,disruption_index,risk_label,node_id,predicted_risk,prob_low,prob_medium,prob_high,confidence,risk_category,total_trade_B,imports_B,exports_B,yoy_pct,risk_score,phase,phase_order,country_tableau,confidence_pct,confidence_bucket,trade_balance_type
2019,Australia,0.0053706090761947,0.0002486539221687,1978215875.456,14.645392305599875,0.0,0.0257574309132079,0.0002030556700245,1.0,2019.0,0.1858032161831564,0.5042904803607866,0.1682405185102702,0.7774343828195659,0.3886516121576109,1,Australia_2019,1,0.00026102964,0.70002174,0.2997172,0.70002174,Medium,1.978,0.011,0.0,2.58,67.0,Pre-COVID (2019),1,Australia,70.0,Medium (50-80%),Import-heavy
2020,Australia,0.0045758977635635,0.000228107957923,1699549898.4840002,12.954795923851542,1978215875.456,0.0217225483527724,0.0002030556700245,1.0,2020.0,0.153871535681958,0.5090877302051184,0.0857225657130382,0.794196881317515,0.3821072151404929,1,Australia_2020,1,2.849465e-05,0.9591566,0.04081498,0.9591566,Medium,1.7,0.008,0.0,2.17,65.9,COVID Shock (2020),2,Australia,95.9,High (≥80%),Import-heavy
2021,Australia,0.0054111752619353,0.0003171317050374,2007704808.878,13.144484583833457,1699549898.4840002,0.0309508791359391,0.0002030556700245,1.0,2021.0,0.1492484652110471,0.6392568189039178,0.1852283732856903,0.699179567615261,0.3796508649990534,1,Australia_2021,1,6.0265734e-06,0.9998178,0.0001761794,0.9998178,Medium,2.008,0.011,0.001,3.1,65.5,Recovery (2021),3,Australia,100.0,High (≥80%),Import-heavy
2022,Australia,0.0057861611557539,0.000483507922311,2174662931.043,11.10794069628484,2007704808.878,0.0281393572467393,0.0002030556700245,1.0,2022.0,0.1435381107000231,0.6174044187579975,0.2914162924892041,0.6463400316619154,0.381781422148563,1,Australia_2022,1,4.2182048e-05,0.99989605,6.1791376e-05,0.99989605,Medium,2.175,0.013,0.001,2.81,65.8,Post-COVID (2022),4,Australia,100.0,High (≥80%),Import-heavy
2019,Austria,0.005098906421405,0.0085360170212987,3760601759.818,0.8779448070821826,0.0,0.0257574309132079,0.0082023232287877,0.1760658936011009,2019.0,0.0418713452320457,0.6708762748899975,0.4054328304893411,0.6720705641105891,0.1929825242170756,0,Austria_2019,0,0.8964203,0.0029638994,0.100615814,0.8964203,Low,3.761,0.019,0.032,2.58,33.3,Pre-COVID (2019),1,Austria,89.6,High (≥80%),Balanced
2020,Austria,0.0,0.0089609967717768,2098714844.528,0.0,3760601759.818,0.0130994406512137,0.0082023232287877,0.1760658936011009,2020.0,0.0371733158142534,0.6347432158622406,0.2035022522269344,0.7330663465031155,0.1794072356973151,0,Austria_2020,0,0.94536835,0.001304564,0.05332709,0.94536835,Low,2.099,0.0,0.019,1.31,30.9,COVID Shock (2020),2,Austria,94.5,High (≥80%),Export-heavy
2021,Austria,0.0081930294458692,0.0114319406676346,5483019592.437,1.062774702568814,2098714844.528,0.0719462291263902,0.0082023232287877,0.1760658936011009,2021.0,0.0401490956934586,0.7526292600996992,0.3399685612239002,0.6656929602014545,0.1947172163467978,0,Austria_2021,0,0.9817902,0.0031338087,0.015075938,0.9817902,Low,5.483,0.045,0.063,7.19,33.6,Recovery (2021),3,Austria,98.2,High (≥80%),Balanced
2022,Austria,0.0107234598865814,0.01299878459636,6710204288.493,1.22724880286554,5483019592.437,0.0321682093378223,0.0082023232287877,0.1760658936011009,2022.0,0.034522659078148,0.7243381606485424,0.2734704159469023,0.6205954036194702,0.1733471643740868,0,Austria_2022,0,0.97291034,0.016065594,0.011024087,0.97291034,Low,6.71,0.072,0.087,3.22,29.9,Post-COVID (2022),4,Austria,97.3,High (≥80%),Balanced
2019,Belgium,0.0,0.0070754123257672,1671861892.0110002,0.0,0.0,0.0257574309132079,0.0111052887625624,0.2307867361052226,2019.0,0.1062465584360624,0.6444739995378806,0.1683803607554559,0.7298605864867704,0.1924968808862771,0,Belgium_2019,0,0.94801027,0.0012240355,0.050765693,0.94801027,Low,1.672,0.0,0.012,2.58,33.2,Pre-COVID (2019),1,Belgium,94.8,High (≥80%),Export-heavy
2020,Belgium,0.0090976839479914,0.0089925714532378,5242725535.885,1.4895857256243177,1671861892.0110002,0.0869351810669887,0.0111052887625624,0.2307867361052226,2020.0,0.0722414592769356,0.6273343045544011,0.060918547885108,0.7555429545263951,0.1978386048359422,0,Belgium_2020,0,0.9733277,0.0004866399,0.026185757,0.9733277,Low,5.243,0.048,0.047,8.69,34.1,COVID Shock (2020),2,Belgium,97.3,High (≥80%),Balanced
2021,Belgium,0.0104011560117694,0.0101482968295506,5953789695.622,1.5148085028686569,5242725535.885,0.0296422634327337,0.0111052887625624,0.2307867361052226,2021.0,0.0700252031848053,0.6709858357199399,0.2695191921407016,0.7193528846986784,0.2018115752604931,0,Belgium_2021,0,0.9839364,0.001848759,0.014214753,0.9839364,Low,5.954,0.062,0.06,2.96,34.8,Recovery (2021),3,Belgium,98.4,High (≥80%),Import-heavy
2022,Belgium,0.0152590506114096,0.0122386018313114,8101978844.810999,1.8521172617347388,5953789695.622,0.0360921734605575,0.0111052887625624,0.2307867361052226,2022.0,0.0737731505288725,0.7061908252041851,0.3303518292900785,0.6237708077376762,0.1948475094368452,0,Belgium_2022,0,0.9733055,0.0125483535,0.014146089,0.9733055,Low,8.102,0.124,0.099,3.61,33.6,Post-COVID (2022),4,Belgium,97.3,High (≥80%),Import-heavy
2019,Brazil,0.0144016261055796,0.0,5035802638.0,70.78491255496623,0.0,0.0257574309132079,0.011009402711779,0.7501425510847618,2019.0,0.1048006635691102,0.8292054548103662,0.3228218598999796,0.6519635994178327,0.3260666706700386,1,Brazil_2019,1,0.00018089448,0.87231284,0.12750621,0.87231284,Medium,5.036,0.073,0.0,2.58,56.2,Pre-COVID (2019),1,Brazil,87.2,High (≥80%),Import-heavy
2020,Brazil,0.0133643115663,7.0290771196622e-05,4694050910.0,53.5417266640455,5035802638.0,0.0238135813474366,0.011009402711779,0.7501425510847618,2020.0,0.0680807139155126,0.7030711953880602,0.1087683945118812,0.665197123333661,0.3062575828054487,1,Brazil_2020,1,1.0048472e-05,0.96629745,0.033692468,0.96629745,Medium,4.694,0.063,0.0,2.38,52.8,COVID Shock (2020),2,Brazil,96.6,High (≥80%),Import-heavy
2021,Brazil,0.020059724221493,8.099576325178986e-05,7005038931.0,78.16474875825047,4694050910.0,0.0398591004338195,0.011009402711779,0.7501425510847618,2021.0,0.0631767731737571,0.7307681368949733,0.2476294831865945,0.6711639270305173,0.3242478160447251,1,Brazil_2021,1,2.2896115e-06,0.99906474,0.00093296624,0.99906474,Medium,7.005,0.141,0.001,3.99,55.9,Recovery (2021),3,Brazil,99.9,High (≥80%),Import-heavy
2022,Brazil,0.0301053380261428,0.0001021065959482,10473525133.0,111.29753223829948,7005038931.0,0.0399398414167701,0.011009402711779,0.7501425510847618,2022.0,0.0576289802342831,0.8243436303193007,0.4271059142572327,0.5730954338236223,0.3275013333673449,1,Brazil_2022,1,1.7119406e-05,0.9995491,0.00043369597,0.9995491,Medium,10.474,0.315,0.001,3.99,56.5,Post-COVID (2022),4,Brazil,100.0,High (≥80%),Import-heavy
2019,Bulgaria,0.0010118769259249,0.0007897619217633,597828307.247,1.4015418458101123,0.0,0.0257574309132079,0.0021816332373148,0.0888813110895811,2019.0,0.0406494240858956,0.6258855080871516,0.4220155835948466,0.671655282789979,0.1709761547042128,0,Bulgaria_2019,0,0.93587905,0.006011242,0.058109663,0.93587905,Low,0.598,0.001,0.0,2.58,29.5,Pre-COVID (2019),1,Bulgaria,93.6,High (≥80%),Balanced
2020,Bulgaria,0.0,0.0008475526170326,262017686.857,0.0,597828307.247,0.0096680777323104,0.0021816332373148,0.0888813110895811,2020.0,0.0296530368903864,0.8233329904902777,0.2256737048938846,0.602127699015052,0.1376949586316981,0,Bulgaria_2020,0,0.9492364,0.0076029017,0.04316074,0.9492364,Low,0.262,0.0,0.0,0.97,23.7,COVID Shock (2020),2,Bulgaria,94.9,High (≥80%),Export-heavy
2021,Bulgaria,0.0,0.0013820486674997,383015299.949,0.0,262017686.857,0.0389845976152762,0.0021816332373148,0.0888813110895811,2021.0,0.0263557463474492,0.5865660842488196,0.3849059464232454,0.7223749895854694,0.1775185803467899,0,Bulgaria_2021,0,0.95686305,0.02300752,0.020129362,0.95686305,Low,0.383,0.0,0.001,3.9,30.6,Recovery (2021),3,Bulgaria,95.7,High (≥80%),Export-heavy
2022,Bulgaria,0.0034530859997798,0.0018374903148909,1676733839.336,2.4492405681894693,383015299.949,0.1225059468194465,0.0021816332373148,0.0888813110895811,2022.0,0.0383762714437227,0.7029625267267547,0.3239758629740107,0.6626410960189062,0.179169757807716,0,Bulgaria_2022,0,0.913915,0.068751365,0.017333666,0.913915,Low,1.677,0.006,0.003,12.25,30.9,Post-COVID (2022),4,Bulgaria,91.4,High (≥80%),Import-heavy
2019,Canada,0.0060412476662363,0.0055389792231618,3407058673.766,1.573212362054194,0.0,0.0257574309132079,0.0026959227475949,0.3654373943985695,2019.0,0.1877294263068479,0.6214994017274368,0.1908753738868974,0.7331153685761853,0.22637445428168,0,Canada_2019,0,0.9092241,0.00299863,0.08777722,0.9092241,Low,3.407,0.021,0.019,2.58,39.0,Pre-COVID (2019),1,Canada,90.9,High (≥80%),Import-heavy
2020,Canada,0.0055514367598278,0.0042562288909547,2947787696.525,1.851786301267712,3407058673.766,0.0218963400426219,0.0026959227475949,0.3654373943985695,2020.0,0.1529756407987496,0.7209923078032047,0.2563096491082233,0.6278779395527921,0.2163600492761864,0,Canada_2020,0,0.954176,0.0010356539,0.04478836,0.954176,Low,2.948,0.016,0.013,2.19,37.3,COVID Shock (2020),2,Canada,95.4,High (≥80%),Import-heavy
2021,Canada,0.0068301866185836,0.005007970797646,3558875123.872,1.9562675403965728,2947787696.525,0.0316952611970081,0.0026959227475949,0.3654373943985695,2021.0,0.1297438582341718,0.6467722045029052,0.2233702525138876,0.7328175846164436,0.2307668406071777,0,Canada_2021,0,0.9814913,0.002485534,0.016023153,0.9814913,Low,3.559,0.024,0.018,3.17,39.8,Recovery (2021),3,Canada,98.1,High (≥80%),Import-heavy
2022,Canada,0.00926860903128,0.0065098575720805,4739630833.324,2.070040542974022,3558875123.872,0.0352605886629116,0.0026959227475949,0.3654373943985695,2022.0,0.1426295721390276,0.7515031128419194,0.2513136597588628,0.6210446348417427,0.2175083043586508,0,Canada_2022,0,0.9789965,0.009864208,0.011139265,0.9789965,Low,4.74,0.044,0.031,3.53,37.5,Post-COVID (2022),4,Canada,97.9,High (≥80%),Import-heavy
2019,China,0.0,0.544672408361846,123371457743.0,0.0,0.0,0.0257574309132079,1.0,0.091655192719991,2019.0,0.4096961980713771,0.9339988647793004,0.61511550623772,0.5281948768982571,0.4688060665211499,2,China_2019,2,0.020087598,0.023511296,0.95640105,0.95640105,High,123.371,0.0,67.197,2.58,80.8,Pre-COVID (2019),1,China,95.6,High (≥80%),Export-heavy
2020,China,0.0,0.6063547251257209,137334915643.0,0.0,123371457743.0,0.0289993257103986,1.0,0.091655192719991,2020.0,0.3842246782987784,0.8153057279919637,0.2205581436228965,0.653719667360879,0.448827427788499,2,China_2020,2,0.036477588,0.022746261,0.9407761,0.9407761,High,137.335,0.0,83.274,2.9,77.4,COVID Shock (2020),2,China,94.1,High (≥80%),Export-heavy
2021,China,1.0,0.8112475325182079,528515899760.0,1.8767790138198408,137334915643.0,0.1073437620372404,1.0,0.091655192719991,2021.0,0.3117386180438508,0.8913099401195347,0.517457696607224,0.6067690419050435,0.4871436765339247,2,China_2021,1,0.096941054,0.865676,0.037382945,0.865676,Medium,528.516,528.516,428.757,10.73,84.0,Recovery (2021),3,China,86.6,High (≥80%),Import-heavy
2022,China,0.9225552814948708,0.8872920113076039,519027839506.0,1.5830935088110214,528515899760.0,0.0252432215140559,1.0,0.091655192719991,2022.0,0.2971857449107665,0.90275446367654,0.6194518978373766,0.5499781931547147,0.4724043612397538,2,China_2022,1,0.09745288,0.90236133,0.00018574727,0.90236133,Medium,519.028,478.832,460.529,2.52,81.5,Post-COVID (2022),4,China,90.2,High (≥80%),Import-heavy
2019,"China, Hong Kong SAR",0.3964619073067813,0.6425399521950825,282225677596.714,0.9393432467535392,0.0,0.0257574309132079,0.3394135276760368,0.9762781665948926,2019.0,0.0005581280623213,0.6832394031290785,0.788135702865757,1.0,0.5798586564207515,1,"China, Hong Kong SAR_2019",1,0.02278348,0.7774722,0.19974436,0.7774722,Medium,282.226,111.892,181.341,2.58,100.0,Pre-COVID (2019),1,Hong Kong,77.7,Medium (50-80%),Balanced
2020,"China, Hong Kong SAR",0.4259728871264439,0.7284402798714092,311846861964.689,0.8902985812727262,282225677596.714,0.0287636908463309,0.3394135276760368,0.9762781665948926,2020.0,0.0005129720702241,0.4054267006628796,0.7112965721515351,0.8284113395213188,0.5470376962641518,1,"China, Hong Kong SAR_2020",1,0.012644309,0.8576219,0.12973385,0.8576219,Medium,311.847,132.838,227.162,2.88,94.3,COVID Shock (2020),2,Hong Kong,85.8,High (≥80%),Balanced
2021,"China, Hong Kong SAR",0.0,0.9894064041067666,224049006059.732,0.0,311846861964.689,0.0176931960849591,0.3394135276760368,0.9762781665948926,2021.0,0.0003413793002547,0.7684263125682338,1.0,0.6927340405406767,0.5533423452496276,1,"China, Hong Kong SAR_2021",1,0.0033431535,0.994913,0.0017438291,0.994913,Medium,224.049,0.0,221.676,1.77,95.4,Recovery (2021),3,Hong Kong,99.5,High (≥80%),Export-heavy
2022,"China, Hong Kong SAR",0.5290418398820405,1.0,408859702215.4869,0.8055413708916381,224049006059.732,0.0493842205848258,0.3394135276760368,0.9762781665948926,2022.0,0.0003188013042062,0.606067253328385,0.9172943489002866,0.838357656052802,0.5732535273664483,1,"China, Hong Kong SAR_2022",1,0.00978952,0.98972535,0.00048511664,0.98972535,Medium,408.86,216.304,408.86,4.94,98.9,Post-COVID (2022),4,Hong Kong,99.0,High (≥80%),Balanced
2019,Czechia,0.0094790135577084,0.0062879266889053,4761937838.0,2.1882427293177336,0.0,0.0257574309132079,0.0021542290822838,0.0658873878703895,2019.0,0.0326622322037436,0.6028328036833175,0.3003597914757031,0.7139755637719087,0.1594019155882807,0,Czechia_2019,0,0.89554054,0.004629046,0.09983033,0.89554054,Low,4.762,0.045,0.03,2.58,27.5,Pre-COVID (2019),1,Czechia,89.6,High (≥80%),Import-heavy
2020,Czechia,0.0111562113228899,0.0075228531674764,5619791167.0,2.1693788832541223,4761937838.0,0.0309174338976216,0.0021542290822838,0.0658873878703895,2020.0,0.0299564851572796,0.6099002065737251,0.1776170256910349,0.7619712904903463,0.1553589986144622,0,Czechia_2020,0,0.94556445,0.0021521663,0.052283347,0.94556445,Low,5.62,0.063,0.042,3.09,26.8,COVID Shock (2020),2,Czechia,94.6,High (≥80%),Import-heavy
2021,Czechia,0.011206925752165,0.0083564908512808,5825993798.0,1.9696146700360475,5619791167.0,0.0268084114144086,0.0021542290822838,0.0658873878703895,2021.0,0.0329376837555365,0.5591537401927108,0.303312727994573,0.7675074923555699,0.167937194627957,0,Czechia_2021,0,0.9750397,0.0064843674,0.0184759,0.9750397,Low,5.826,0.065,0.049,2.68,29.0,Recovery (2021),3,Czechia,97.5,High (≥80%),Import-heavy
2022,Czechia,0.0125914940783681,0.0083027704427052,6291229074.0,2.2267552626481275,5825993798.0,0.0280447315613005,0.0021542290822838,0.0658873878703895,2022.0,0.0311133816748098,0.7592579039149022,0.4256441568576199,0.5827653973288182,0.1527062872896273,0,Czechia_2022,0,0.9544012,0.030026555,0.015572268,0.9544012,Low,6.291,0.079,0.052,2.8,26.3,Post-COVID (2022),4,Czechia,95.4,High (≥80%),Import-heavy
2019,Denmark,0.0,0.001458186676952,400251194.211,0.0,0.0,0.0257574309132079,0.0019320584180575,0.0221747325773292,2019.0,0.048531854066382,0.6250256862317956,0.3093922904905036,0.7070723510528609,0.1482748685593706,0,Denmark_2019,0,0.95970887,0.0010611612,0.039229993,0.95970887,Low,0.4,0.0,0.001,2.58,25.6,Pre-COVID (2019),1,Denmark,96.0,High (≥80%),Export-heavy
2020,Denmark,0.0,0.0013003902604892,364529714.642,0.0,400251194.211,0.0232010978612402,0.0019320584180575,0.0221747325773292,2020.0,0.0322729875518657,0.6608126158870238,0.1288551419520605,0.7971548554323025,0.143222262752049,0,Denmark_2020,0,0.98110884,0.00045145335,0.018439677,0.98110884,Low,0.365,0.0,0.0,2.32,24.7,COVID Shock (2020),2,Denmark,98.1,High (≥80%),Export-heavy
2021,Denmark,0.0020498105925944,0.0016574167483075,1152122820.876,1.5869919577055034,364529714.642,0.0876430305176339,0.0019320584180575,0.0221747325773292,2021.0,0.0310483570461898,0.6582083442620004,0.2995136330150443,0.6759077129112144,0.1549894270114629,0,Denmark_2021,0,0.98166966,0.0034749052,0.014855445,0.98166966,Low,1.152,0.002,0.002,8.76,26.7,Recovery (2021),3,Denmark,98.2,High (≥80%),Import-heavy
2022,Denmark,0.0031985288366997,0.0017451211385644,1568052790.4350002,2.3706592562578943,1152122820.876,0.0360979435256859,0.0019320584180575,0.0221747325773292,2022.0,0.0361699496698537,0.6260658881881146,0.2927881953812136,0.6554480519319987,0.1409389167028079,0,Denmark_2022,0,0.9491748,0.032561727,0.018263398,0.9491748,Low,1.568,0.005,0.003,3.61,24.3,Post-COVID (2022),4,Denmark,94.9,High (≥80%),Import-heavy
2019,Finland,0.002754577220694,0.001234604133931,1299409868.164,2.716451467053051,0.0,0.0257574309132079,0.0026086014539632,0.1235772003555129,2019.0,0.0355504094582802,0.7453012837500395,0.4639775745380773,0.6484326253886259,0.1804910179698104,0,Finland_2019,0,0.87062573,0.011103573,0.118270636,0.87062573,Low,1.299,0.004,0.002,2.58,31.1,Pre-COVID (2019),1,Finland,87.1,High (≥80%),Import-heavy
2020,Finland,0.0,0.0008949388899716,272744849.226,0.0,1299409868.164,0.0031264573324312,0.0026086014539632,0.1235772003555129,2020.0,0.0229401471052173,0.7615718690858246,0.3079117139353023,0.607266072993169,0.154183254334059,0,Finland_2020,0,0.91799337,0.0060041863,0.07600247,0.91799337,Low,0.273,0.0,0.0,0.31,26.6,COVID Shock (2020),2,Finland,91.8,High (≥80%),Export-heavy
2021,Finland,0.0,0.0014405647894558,396262004.163,0.0,272744849.226,0.0387289653872529,0.0026086014539632,0.1235772003555129,2021.0,0.01977290581952,0.7557877411137823,0.3632930267244362,0.6400072757287459,0.1717530676342732,0,Finland_2021,0,0.9843353,0.0051285676,0.010536146,0.9843353,Low,0.396,0.0,0.001,3.87,29.6,Recovery (2021),3,Finland,98.4,High (≥80%),Export-heavy
2022,Finland,0.0027523585196485,0.0035707857598555,1827502655.443,1.0802651947393975,396262004.163,0.1292122829546846,0.0026086014539632,0.1235772003555129,2022.0,0.0713085364802076,0.9607677016433502,0.4598289875046673,0.4179992093052946,0.166202117262265,0,Finland_2022,0,0.9732616,0.02022631,0.006512109,0.9732616,Low,1.828,0.005,0.007,12.92,28.7,Post-COVID (2022),4,Finland,97.3,High (≥80%),Balanced
2019,France,0.0146387072452106,0.0385363533790441,13841291850.021,0.5739659438877671,0.0,0.0257574309132079,0.0118307361423073,0.0934077857572304,2019.0,0.3314869951284634,0.588808002371046,0.226689890597629,0.7479270654226939,0.1669107023378084,0,France_2019,0,0.9604565,0.00088013,0.038663413,0.9604565,Low,13.841,0.203,0.533,2.58,28.8,Pre-COVID (2019),1,France,96.0,High (≥80%),Export-heavy
2020,France,0.0138001056076036,0.0357387650409672,12918834053.353,0.5830768141878859,13841291850.021,0.0238484986696127,0.0118307361423073,0.0934077857572304,2020.0,0.2606446129858737,0.582306963372328,0.0603341830841608,0.7700070546149214,0.1532053435165766,0,France_2020,0,0.97520524,0.00038184083,0.024412856,0.97520524,Low,12.919,0.178,0.462,2.38,26.4,COVID Shock (2020),2,France,97.5,High (≥80%),Export-heavy
2021,France,0.0161319910659435,0.0373130487661189,14079245042.371,0.6530819545744531,12918834053.353,0.0283302493964226,0.0118307361423073,0.0934077857572304,2021.0,0.2519241600416507,0.5720482931506474,0.2209889832749817,0.7646356385940657,0.1693614612778923,0,France_2021,0,0.98507106,0.0026712322,0.012257652,0.98507106,Low,14.079,0.227,0.525,2.83,29.2,Recovery (2021),3,France,98.5,High (≥80%),Export-heavy
2022,France,0.0222064899491605,0.0506782994939849,19199305275.389,0.6633500157663292,14079245042.371,0.0361737994293777,0.0118307361423073,0.0934077857572304,2022.0,0.2357121835093281,0.635916061648887,0.2644702592512304,0.7279206403147909,0.169771049140217,0,France_2022,0,0.9770709,0.014323384,0.008605759,0.9770709,Low,19.199,0.426,0.973,3.62,29.3,Post-COVID (2022),4,France,97.7,High (≥80%),Export-heavy
2019,Germany,0.0633327558627931,0.0994221049957555,44414034581.861,0.967222262891391,0.0,0.0257574309132079,0.0849981231304301,0.0310583103446617,2019.0,0.2776484088708189,0.6237099488862131,0.2426711132108404,0.6966637119369754,0.1671821688195664,0,Germany_2019,0,0.9366938,0.0001936631,0.06311261,0.9366938,Low,44.414,2.813,4.416,2.58,28.8,Pre-COVID (2019),1,Germany,93.7,High (≥80%),Balanced
2020,Germany,0.0,0.0884091315839621,20083945359.3,0.0,44414034581.861,0.0100666662400055,0.0849981231304301,0.0310583103446617,2020.0,0.2437372341752543,0.5599047541790795,0.0464747028375686,0.7759348335402466,0.1563150430880894,0,Germany_2020,0,0.9367341,0.00026983046,0.062996194,0.9367341,Low,20.084,0.0,1.776,1.01,27.0,COVID Shock (2020),2,Germany,93.7,High (≥80%),Export-heavy
2021,Germany,0.0,0.1106358120453361,25115554630.191,0.0,20083945359.3,0.0329333661628351,0.0849981231304301,0.0310583103446617,2021.0,0.2184536355793673,0.6674211962553379,0.1650326686649489,0.7195155191876035,0.1642812825024969,0,Germany_2021,0,0.98305154,0.0037049714,0.013243557,0.98305154,Low,25.116,0.0,2.779,3.29,28.3,Recovery (2021),3,Germany,98.3,High (≥80%),Export-heavy
2022,Germany,0.093715054280537,0.1336635978357306,62641275710.119,1.0654250369797755,25115554630.191,0.0685537982778743,0.0849981231304301,0.0310583103446617,2022.0,0.2120721185266042,0.6560947549035646,0.2385810912324175,0.6834870856338002,0.1733559461491811,0,Germany_2022,0,0.9622339,0.034589466,0.0031766044,0.9622339,Low,62.641,5.87,8.373,6.86,29.9,Post-COVID (2022),4,Germany,96.2,High (≥80%),Balanced
2019,Hungary,0.0128685069199482,0.0040241568662669,5418162827.0,4.522382151727605,0.0,0.0257574309132079,0.0130044441657721,0.4863958174567651,2019.0,0.0452363697631287,0.7563151399103151,0.3849615639106568,0.6373702698979622,0.2647534706723246,0,Hungary_2019,0,0.8867904,0.0049018,0.10830779,0.8867904,Low,5.418,0.07,0.022,2.58,45.7,Pre-COVID (2019),1,Hungary,88.7,High (≥80%),Import-heavy
2020,Hungary,0.0,0.0034817012267164,858328350.0,0.0,5418162827.0,0.0016518468090557,0.0130044441657721,0.4863958174567651,2020.0,0.0313779957884993,0.7453579577568271,0.2747448218681846,0.7305254436462675,0.2628839557094927,0,Hungary_2020,0,0.9023583,0.009356172,0.08828555,0.9023583,Low,0.858,0.0,0.003,0.17,45.3,COVID Shock (2020),2,Hungary,90.2,High (≥80%),Export-heavy
2021,Hungary,0.0,0.0051922356972611,1245554014.0,0.0,858328350.0,0.0386794777030278,0.0130044441657721,0.4863958174567651,2021.0,0.0327543504276219,0.8232580695761202,0.3262439874204791,0.6538801767673413,0.2639426084116776,0,Hungary_2021,0,0.84578466,0.113637224,0.040578105,0.84578466,Low,1.246,0.0,0.006,3.87,45.5,Recovery (2021),3,Hungary,84.6,High (≥80%),Export-heavy
2022,Hungary,0.0164003715343751,0.0062674563850576,7143773976.0,3.797830415439509,1245554014.0,0.1613946985406563,0.0130044441657721,0.4863958174567651,2022.0,0.0493193745685571,0.8219861710543112,0.4035388744025417,0.5627945664078097,0.2825522997234798,0,Hungary_2022,0,0.66911435,0.30661482,0.02427085,0.66911435,Low,7.144,0.117,0.045,16.14,48.7,Post-COVID (2022),4,Hungary,66.9,Medium (50-80%),Import-heavy
2019,India,0.0,0.0024603858117342,627126029.012,0.0,0.0,0.0257574309132079,0.0476202085995823,0.4543445195276042,2019.0,0.092350181178484,0.4160530232796979,0.3003381911917146,0.9078512686476184,0.2992351880607315,0,India_2019,0,0.797713,0.024465716,0.1778213,0.797713,Low,0.627,0.0,0.002,2.58,51.6,Pre-COVID (2019),1,India,79.8,Medium (50-80%),Export-heavy
2020,India,0.0,0.001755175777301,467482696.156,0.0,627126029.012,0.0184659357437951,0.0476202085995823,0.4543445195276042,2020.0,0.0808788251956998,0.4292642406590555,0.0724250430014018,0.8779564199879494,0.2705013469088673,0,India_2020,0,0.85824203,0.054258082,0.08749983,0.85824203,Low,0.467,0.0,0.001,1.85,46.6,COVID Shock (2020),2,India,85.8,High (≥80%),Export-heavy
2021,India,0.0,0.0025299330653912,642869927.741,0.0,467482696.156,0.0365035850551018,0.0476202085995823,0.4543445195276042,2021.0,0.0630512395157269,0.4795406687691621,0.1660052569201869,0.8710185817074474,0.2824262224209319,0,India_2021,1,0.3261897,0.66277033,0.0110399425,0.66277033,Medium,0.643,0.0,0.002,3.65,48.7,Recovery (2021),3,India,66.3,Medium (50-80%),Export-heavy
2022,India,0.0619016846918433,0.0048377513021058,22508881799.007,18.31584013433545,642869927.741,1.0,0.0476202085995823,0.4543445195276042,2022.0,0.061842865167206,0.3600072406929046,0.2823847579647869,0.9954453095879828,0.5054274646964518,1,India_2022,1,0.035270497,0.96385384,0.0008756542,0.96385384,Medium,22.509,1.393,0.109,100.0,87.2,Post-COVID (2022),4,India,96.4,High (≥80%),Import-heavy
2019,Indonesia,0.0,0.0017524689308344,466869928.37,0.0,0.0,0.0257574309132079,0.0093857226531814,0.1339638989562298,2019.0,0.0740620766287071,0.6981242686445174,0.4682381341925617,0.678122631279889,0.190000385828893,0,Indonesia_2019,0,0.9697319,0.0110166175,0.019251393,0.9697319,Low,0.467,0.0,0.001,2.58,32.8,Pre-COVID (2019),1,Indonesia,97.0,High (≥80%),Export-heavy
2020,Indonesia,0.0,0.0016277637492637,438639543.324,0.0,466869928.37,0.024025456255263,0.0093857226531814,0.1339638989562298,2020.0,0.0646172493216577,0.7171044277511673,0.2017800870827991,0.6589528947922614,0.1601327257131836,0,Indonesia_2020,0,0.9889305,0.0037003267,0.00736913,0.9889305,Low,0.439,0.0,0.001,2.4,27.6,COVID Shock (2020),2,Indonesia,98.9,High (≥80%),Export-heavy
2021,Indonesia,0.0082534962602199,0.0021829617964127,3410112325.3450003,5.042831180024046,438639543.324,0.2197944565125876,0.0093857226531814,0.1339638989562298,2021.0,0.0588995976023107,0.7147483956193476,0.3598132491161301,0.6453607909442278,0.2130510263907765,0,Indonesia_2021,0,0.99380565,0.0039336015,0.0022608018,0.99380565,Low,3.41,0.028,0.007,21.98,36.7,Recovery (2021),3,Indonesia,99.4,High (≥80%),Import-heavy
2022,Indonesia,0.0120993213647069,0.0035807855557065,5052580145.269,4.736622048220514,3410112325.3450003,0.0395532921892699,0.0093857226531814,0.1339638989562298,2022.0,0.0722702868622904,0.807305558220016,0.4872438965356896,0.5538608875391873,0.1760208727573129,0,Indonesia_2022,0,0.97943074,0.017675778,0.0028934637,0.97943074,Low,5.053,0.061,0.018,3.96,30.4,Post-COVID (2022),4,Indonesia,97.9,High (≥80%),Import-heavy
2019,Ireland,0.0,0.0325434021756177,7437229062.433,0.0,0.0,0.0257574309132079,0.0319782705706178,0.6984092497466736,2019.0,0.0995101152854153,0.6043423650668152,0.3695379973593868,0.6201439637319446,0.3193226740862257,0,Ireland_2019,2,0.014656934,0.005918148,0.97942495,0.97942495,High,7.437,0.0,0.242,2.58,55.1,Pre-COVID (2019),1,Ireland,97.9,High (≥80%),Export-heavy
2020,Ireland,0.0,0.0369425879540228,8433103546.95,0.0,7437229062.433,0.0295928610945019,0.0319782705706178,0.6984092497466736,2020.0,0.0784683260879641,0.5253225632660375,0.0832817209384247,0.7823971998809277,0.3158021179027357,0,Ireland_2020,2,0.01859988,0.00650875,0.97489136,0.97489136,High,8.433,0.0,0.312,2.96,54.5,COVID Shock (2020),2,Ireland,97.5,High (≥80%),Export-heavy
2021,Ireland,0.0188566186711055,0.0501927382526776,17934356578.64,0.5686987269190451,8433103546.95,0.0580285543847062,0.0319782705706178,0.6984092497466736,2021.0,0.0780041224892049,0.5819518685401164,0.144829366289928,0.7468276213715065,0.3223085843195138,0,Ireland_2021,0,0.47256106,0.16691515,0.36052382,0.47256106,Low,17.934,0.338,0.9,5.8,55.6,Recovery (2021),3,Ireland,47.3,Low (<50%),Export-heavy
2022,Ireland,0.0303511063011104,0.0536571991754045,22681906794.555,0.8565997584141227,17934356578.64,0.0333397909174172,0.0319782705706178,0.6984092497466736,2022.0,0.0810593769145012,0.6488943200135868,0.358790923711859,0.6133361568963404,0.3187432676969742,0,Ireland_2022,0,0.4870698,0.4792627,0.03366756,0.4870698,Low,22.682,0.688,1.217,3.33,55.0,Post-COVID (2022),4,Ireland,48.7,Low (<50%),Balanced
2019,Israel,0.005583835163071,0.0104862363214865,4369289000.0,0.7877658452566717,0.0,0.0257574309132079,0.0098796354286226,0.3014966366345126,2019.0,0.2278296812792542,0.484998625227357,0.1935747766419731,0.8918365458198622,0.2366224955070331,0,Israel_2019,0,0.8033584,0.0029179212,0.19372366,0.8033584,Low,4.369,0.024,0.046,2.58,40.8,Pre-COVID (2019),1,Israel,80.3,High (≥80%),Balanced
2020,Israel,0.0,0.0131370709762893,3044082000.0,0.0,4369289000.0,0.0170699555985575,0.0098796354286226,0.3014966366345126,2020.0,0.2093917310853021,0.5930354401289684,0.1529576316878889,0.7950613004085443,0.2163069991369969,0,Israel_2020,0,0.80202293,0.0019225415,0.19605453,0.80202293,Low,3.044,0.0,0.04,1.71,37.3,COVID Shock (2020),2,Israel,80.2,High (≥80%),Export-heavy
2021,Israel,0.0,0.0180503527751972,4156336000.0,0.0,3044082000.0,0.0362231304646584,0.0098796354286226,0.3014966366345126,2021.0,0.195424910480052,0.445388480402688,0.0867413844311096,0.8989063330948953,0.2290927642874919,0,Israel_2021,0,0.94246334,0.009908149,0.04762842,0.94246334,Low,4.156,0.0,0.075,3.62,39.5,Recovery (2021),3,Israel,94.2,High (≥80%),Export-heavy
2022,Israel,0.0095498069483081,0.0227032768537051,8502405000.0,0.6320488645723007,4156336000.0,0.0557081050433036,0.0098796354286226,0.3014966366345126,2022.0,0.2099823714619334,0.5845980421262023,0.1842007534401322,0.7936814265361422,0.2269519601203102,0,Israel_2022,0,0.91347736,0.06779427,0.018728284,0.91347736,Low,8.502,0.081,0.193,5.57,39.1,Post-COVID (2022),4,Israel,91.3,High (≥80%),Export-heavy
2019,Italy,0.0075524016487714,0.0098597677031138,4906228630.628,1.1311267319956548,0.0,0.0257574309132079,0.0075237755286471,0.0097172772866914,2019.0,0.1794425431363454,0.5537349502959993,0.2878608952683922,0.7403238221038392,0.1496726010053237,0,Italy_2019,0,0.92211497,0.0030794526,0.07480558,0.92211497,Low,4.906,0.037,0.048,2.58,25.8,Pre-COVID (2019),1,Italy,92.2,High (≥80%),Balanced
2020,Italy,0.0076219344062979,0.0093147989842803,4806834999.558001,1.2061769732384255,4906228630.628,0.0251771591899022,0.0075237755286471,0.0097172772866914,2020.0,0.1679584712261866,0.5656559471906625,0.0732164725628281,0.7296779180954182,0.126495218788843,0,Italy_2020,0,0.9471321,0.0021737125,0.05069419,0.9471321,Low,4.807,0.037,0.045,2.52,21.8,COVID Shock (2020),2,Italy,94.7,High (≥80%),Balanced
2021,Italy,0.0114227044491198,0.0109078779310148,6477969209.73,1.5509400097511614,4806834999.558001,0.0357154452883609,0.0075237755286471,0.0097172772866914,2021.0,0.1330899894981614,0.5662937085098539,0.3362452910954616,0.7722477437073526,0.1612912317035882,0,Italy_2021,0,0.9649967,0.014378504,0.020624751,0.9649967,Low,6.478,0.074,0.071,3.57,27.8,Recovery (2021),3,Italy,96.5,High (≥80%),Import-heavy
2022,Italy,0.016812649448892,0.0128951894090305,8786292889.0,1.939222464485571,6477969209.73,0.0359639690109387,0.0075237755286471,0.0097172772866914,2022.0,0.1272567384390457,0.5950406059601069,0.345267110272436,0.7291361828409617,0.1557763842358426,0,Italy_2022,0,0.92171407,0.060069937,0.018216018,0.92171407,Low,8.786,0.148,0.113,3.6,26.9,Post-COVID (2022),4,Italy,92.2,High (≥80%),Import-heavy
2019,Japan,0.0,0.2079338691315427,47141597022.145,0.0,0.0,0.0257574309132079,0.0252477336862948,0.3980984717851592,2019.0,0.1880346808134249,0.8804739207486121,0.59383141673882,0.520321189657587,0.2496817443573399,0,Japan_2019,0,0.6771543,0.07510767,0.24773802,0.6771543,Low,47.142,0.0,9.802,2.58,43.1,Pre-COVID (2019),1,Japan,67.7,Medium (50-80%),Export-heavy
2020,Japan,0.0,0.2158218948140164,48927264622.034,0.0,47141597022.145,0.0268423989932463,0.0252477336862948,0.3980984717851592,2020.0,0.1281660356207083,0.7887459488482341,0.3865198840638322,0.6369726818657605,0.2466653085370748,0,Japan_2020,0,0.80782604,0.049324203,0.14284971,0.80782604,Low,48.927,0.0,10.56,2.68,42.5,COVID Shock (2020),2,Japan,80.8,High (≥80%),Export-heavy
2021,Japan,0.0,0.2587961993427977,58655658812.65,0.0,48927264622.034,0.031452655531365,0.0252477336862948,0.3980984717851592,2021.0,0.1189615104412034,0.8982156444309263,0.5222039999063218,0.5938563928167043,0.2546883280715891,0,Japan_2021,0,0.9310188,0.051666755,0.017314399,0.9310188,Low,58.656,0.0,15.18,3.15,43.9,Recovery (2021),3,Japan,93.1,High (≥80%),Export-heavy
2022,Japan,0.0,0.254061229715359,57583770587.316,0.0,58655658812.65,0.0252339989767697,0.0252477336862948,0.3980984717851592,2022.0,0.140030393233913,0.808378911208238,0.4988126124005484,0.607993461102283,0.2532260182529295,0,Japan_2022,0,0.91901016,0.076176375,0.00481354,0.91901016,Low,57.584,0.0,14.63,2.52,43.7,Post-COVID (2022),4,Japan,91.9,High (≥80%),Export-heavy
2019,Malaysia,0.0,0.2219319285483583,50310435736.434,0.0,0.0,0.0257574309132079,0.1631502187247197,0.1481373569716539,2019.0,0.0763550979074027,0.6771256600365021,0.3605794680438082,0.6853879708460416,0.229997033474258,0,Malaysia_2019,0,0.6837964,0.014435369,0.30176815,0.6837964,Low,50.31,0.0,11.165,2.58,39.7,Pre-COVID (2019),1,Malaysia,68.4,Medium (50-80%),Export-heavy
2020,Malaysia,0.0,0.2384345798807268,54046256457.955,0.0,50310435736.434,0.0278843383106705,0.1631502187247197,0.1481373569716539,2020.0,0.0552194564959767,0.7010454206004574,0.0793741491918631,0.6268696445436353,0.1935241341231951,0,Malaysia_2020,0,0.75416046,0.009499492,0.2363401,0.75416046,Low,54.046,0.0,12.886,2.79,33.4,COVID Shock (2020),2,Malaysia,75.4,Medium (50-80%),Export-heavy
2021,Malaysia,0.0,0.2870584631217313,65053585335.847,0.0,54046256457.955,0.0315910351000616,0.1631502187247197,0.1481373569716539,2021.0,0.0374830859200402,0.6770961495429636,0.288785925019406,0.7086947833400246,0.227480421883286,0,Malaysia_2021,0,0.96334344,0.011991232,0.02466534,0.96334344,Low,65.054,0.0,18.674,3.16,39.2,Recovery (2021),3,Malaysia,96.3,High (≥80%),Export-heavy
2022,Malaysia,0.130021298294125,0.3750875291248361,129812420354.007,0.5275402615983326,65053585335.847,0.0542707926701872,0.1631502187247197,0.1481373569716539,2022.0,0.0350916245785727,0.7188439894034608,0.3461505041816248,0.6053288582397671,0.2222479425484944,0,Malaysia_2022,0,0.9748547,0.021676395,0.0034689258,0.9748547,Low,129.812,16.878,48.691,5.43,38.3,Post-COVID (2022),4,Malaysia,97.5,High (≥80%),Export-heavy
2019,Malta,0.0010588824897497,0.0020704501554473,903954091.883,0.6775505458853872,0.0,0.0257574309132079,0.0003768357899179,0.266169646050142,2019.0,0.0176406398726904,0.5457561168628592,0.1478261093889667,0.7633267527529867,0.2010885722839971,0,Malta_2019,0,0.96583366,0.0034902033,0.030676093,0.96583366,Low,0.904,0.001,0.002,2.58,34.7,Pre-COVID (2019),1,Malta,96.6,High (≥80%),Balanced
2020,Malta,0.0009674385837702,0.0020877810082287,876347725.6899999,0.6145635011325665,903954091.883,0.0248826818161597,0.0003768357899179,0.266169646050142,2020.0,0.0106866170897223,0.5174624012803866,0.0,0.8360568564115672,0.1970405270744779,0,Malta_2020,0,0.9833561,0.0015737523,0.015070097,0.9833561,Low,0.876,0.001,0.002,2.49,34.0,COVID Shock (2020),2,Malta,98.3,High (≥80%),Export-heavy
2021,Malta,0.0012586888467424,0.0018253144047472,917353820.982,0.8978668720913984,876347725.6899999,0.0270977018062133,0.0003768357899179,0.266169646050142,2021.0,0.0099198683439119,0.4952518075726836,0.1281000876792876,0.7908034498715618,0.2035055288594166,0,Malta_2021,0,0.9888798,0.0036901555,0.007430145,0.9888798,Low,0.917,0.001,0.002,2.71,35.1,Recovery (2021),3,Malta,98.9,High (≥80%),Balanced
2022,Malta,0.0016229731521159,0.0032739780806878,1370902446.882,0.6897505994417047,917353820.982,0.0399188773690278,0.0003768357899179,0.266169646050142,2022.0,0.00940328379432,0.5834598887252833,0.1524893219152161,0.7553798728536564,0.2031951508428865,0,Malta_2022,0,0.97199583,0.019457137,0.008547023,0.97199583,Low,1.371,0.002,0.004,3.99,35.0,Post-COVID (2022),4,Malta,97.2,High (≥80%),Balanced
2019,Mexico,0.0656404028434266,0.0120039699829545,25420251304.0,8.119130592219802,0.0,0.0257574309132079,0.016130054427856,0.2820476476441424,2019.0,0.1042099509428915,0.6250542638444323,0.2081404688794612,0.7263298071129916,0.2102659323769288,0,Mexico_2019,0,0.8746831,0.008146923,0.11716995,0.8746831,Low,25.42,1.669,0.305,2.58,36.3,Pre-COVID (2019),1,Mexico,87.5,High (≥80%),Import-heavy
2020,Mexico,0.0573064956068363,0.0153726808049159,23309335704.0,5.565690743237515,25420251304.0,0.0233788843181117,0.016130054427856,0.2820476476441424,2020.0,0.0723271111627454,0.5771126132182816,0.1340326722884297,0.7089697486249189,0.1997754346255955,0,Mexico_2020,0,0.94537175,0.0029095514,0.05171876,0.94537175,Low,23.309,1.336,0.358,2.34,34.5,COVID Shock (2020),2,Mexico,94.5,High (≥80%),Import-heavy
2021,Mexico,0.0651458778711014,0.0187828398877325,26784320341.0,5.196983928225327,23309335704.0,0.0300275857804987,0.016130054427856,0.2820476476441424,2021.0,0.080740575610295,0.6310392628493634,0.3388476846592848,0.6551779685810856,0.2135179091485834,0,Mexico_2021,0,0.9793434,0.0073314984,0.013325116,0.9793434,Low,26.784,1.745,0.503,3.0,36.8,Recovery (2021),3,Mexico,97.9,High (≥80%),Import-heavy
2022,Mexico,0.0785688513816847,0.0224515889495366,32243054700.0,5.257537473963173,26784320341.0,0.0315949990646779,0.016130054427856,0.2820476476441424,2022.0,0.0749642211012217,0.5192524837664719,0.3633501278554943,0.7663190057807201,0.2329527917049854,0,Mexico_2022,0,0.966305,0.024973763,0.008721191,0.966305,Low,32.243,2.533,0.724,3.16,40.2,Post-COVID (2022),4,Mexico,96.6,High (≥80%),Import-heavy
2019,Morocco,0.0,0.0020140468482574,526085152.9130001,0.0,0.0,0.0257574309132079,0.0018693507819273,0.2034827321734048,2019.0,0.0364625604986436,0.7411322265017508,0.6270886995590774,0.5339742246463757,0.1993879781134351,0,Morocco_2019,0,0.97769976,0.006777329,0.015522953,0.97769976,Low,0.526,0.0,0.001,2.58,34.4,Pre-COVID (2019),1,Morocco,97.8,High (≥80%),Export-heavy
2020,Morocco,0.0,0.0013325702810802,371814531.204,0.0,526085152.9130001,0.0173580395501518,0.0018693507819273,0.2034827321734048,2020.0,0.0348243011053573,0.828426924431219,0.5726655333112678,0.5447815977606568,0.1938868891831851,0,Morocco_2020,0,0.9882516,0.0039374465,0.007810946,0.9882516,Low,0.372,0.0,0.0,1.74,33.4,COVID Shock (2020),2,Morocco,98.8,High (≥80%),Export-heavy
2021,Morocco,0.0,0.0021699041863971,561367669.746,0.0,371814531.204,0.0403598649651956,0.0018693507819273,0.2034827321734048,2021.0,0.0416699495072922,0.8001544577647081,0.5009558824309503,0.598845727451879,0.1994259086318454,0,Morocco_2021,0,0.9772914,0.017697034,0.0050115753,0.9772914,Low,0.561,0.0,0.001,4.04,34.4,Recovery (2021),3,Morocco,97.7,High (≥80%),Export-heavy
2022,Morocco,0.0024298286646047,0.0031692116806665,1625387882.005,1.0637542468989736,561367669.746,0.0800478399621476,0.0018693507819273,0.2034827321734048,2022.0,0.0378334964187144,0.8589440560499589,0.6554503018801836,0.4927761320682496,0.2069025062686147,0,Morocco_2022,0,0.91359067,0.07926937,0.0071399696,0.91359067,Low,1.625,0.004,0.005,8.0,35.7,Post-COVID (2022),4,Morocco,91.4,High (≥80%),Balanced
2019,Netherlands,0.0556056226881203,0.0880038240587019,39164898591.387,0.95900962333078,0.0,0.0257574309132079,0.0302596082440499,0.0040481106125121,2019.0,0.085278897315238,0.5436868978992045,0.1706212079568174,0.8174463778026313,0.154920473775061,0,Netherlands_2019,0,0.9508116,0.000796829,0.04839152,0.9508116,Low,39.165,2.178,3.447,2.58,26.7,Pre-COVID (2019),1,Netherlands,95.1,High (≥80%),Balanced
2020,Netherlands,0.0,0.1038287719142612,23574597297.837,0.0,39164898591.387,0.0143555070737181,0.0302596082440499,0.0040481106125121,2020.0,0.0602408028171849,0.3852791731873669,0.093044584970912,0.9785971763983186,0.1690550464979256,0,Netherlands_2020,0,0.96441966,0.00078802335,0.034792326,0.96441966,Low,23.575,0.0,2.448,1.44,29.2,COVID Shock (2020),2,Netherlands,96.4,High (≥80%),Export-heavy
2021,Netherlands,0.0,0.125424044515958,28463270350.88,0.0,23574597297.837,0.0316971696715082,0.0302596082440499,0.0040481106125121,2021.0,0.0529499163331717,0.5785236868642748,0.1501463683497535,0.8200749161578653,0.1544552183192998,0,Netherlands_2021,0,0.9847003,0.0041803466,0.011119322,0.9847003,Low,28.463,0.0,3.57,3.17,26.6,Recovery (2021),3,Netherlands,98.5,High (≥80%),Export-heavy
2022,Netherlands,0.0453357060649574,0.088191085003879,35666243812.287994,0.7802337544353896,28463270350.88,0.0330059226913232,0.0302596082440499,0.0040481106125121,2022.0,0.0561668292101759,0.5888394031924606,0.2020966592416685,0.7338816257903026,0.1469830044573198,0,Netherlands_2022,0,0.9574878,0.036072247,0.0064399303,0.9574878,Low,35.666,1.617,3.145,3.3,25.3,Post-COVID (2022),4,Netherlands,95.7,High (≥80%),Balanced
2019,Philippines,0.0369803157377481,0.0984179634266512,35100452302.0,0.5705100837180043,0.0,0.0257574309132079,0.0165549540312084,0.0956815070392965,2019.0,0.0813719286294012,0.3103014656915293,0.0414484271646176,0.9994652540746763,0.1881029799794915,0,Philippines_2019,0,0.92210907,0.015084287,0.06280662,0.92210907,Low,35.1,1.298,3.455,2.58,32.4,Pre-COVID (2019),1,Philippines,92.2,High (≥80%),Export-heavy
2020,Philippines,0.0348744207379813,0.1058121176236608,36048210446.0,0.5005344214677334,35100452302.0,0.026530833189546,0.0165549540312084,0.0956815070392965,2020.0,0.0635154431144861,0.4845319510015235,0.0010746913404921,0.8325816023080294,0.1591877390873494,0,Philippines_2020,0,0.96098775,0.006626134,0.032386024,0.96098775,Low,36.048,1.257,3.814,2.65,27.5,COVID Shock (2020),2,Philippines,96.1,High (≥80%),Export-heavy
2021,Philippines,0.0402189340389059,0.1075796421237933,38291114651.0,0.567784653140242,36048210446.0,0.0275395948418298,0.0165549540312084,0.0956815070392965,2021.0,0.0565243924179983,0.4909282502046474,0.215172535445268,0.8519895678011676,0.1837104706522545,0,Philippines_2021,0,0.9765494,0.014257289,0.009193319,0.9765494,Low,38.291,1.54,4.119,2.75,31.7,Recovery (2021),3,Philippines,97.7,High (≥80%),Export-heavy
2022,Philippines,0.0436275857421871,0.1268500235037442,43828781971.0,0.5225686578921998,38291114651.0,0.0298998066242189,0.0165549540312084,0.0956815070392965,2022.0,0.053340894975146,0.5421173632773231,0.3162291538188977,0.8051339278341603,0.1872598288510442,0,Philippines_2022,0,0.9434993,0.05059734,0.0059032594,0.9434993,Low,43.829,1.912,5.56,2.99,32.3,Post-COVID (2022),4,Philippines,94.3,High (≥80%),Export-heavy
2019,Poland,0.0079122171431329,0.0007718901214549,2973005806.0,11.140196078443385,0.0,0.0257574309132079,0.0124841733684723,0.242362874098995,2019.0,0.1053777571481124,0.6247539621924579,0.2767321204862354,0.6375046427442348,0.1927863651781908,0,Poland_2019,0,0.9360895,0.0019398592,0.06197059,0.9360895,Low,2.973,0.024,0.002,2.58,33.2,Pre-COVID (2019),1,Poland,93.6,High (≥80%),Import-heavy
2020,Poland,0.0,0.0010132215627897,299521326.0,0.0,2973005806.0,0.0,0.0124841733684723,0.242362874098995,2020.0,0.075278651305393,0.4803073908952477,0.1188088364415104,0.792071828358495,0.1950276284332157,0,Poland_2020,0,0.9772559,0.0007338913,0.022010244,0.9772559,Low,0.3,0.0,0.0,0.0,33.6,COVID Shock (2020),2,Poland,97.7,High (≥80%),Export-heavy
2021,Poland,0.0,0.0015459139048866,420110621.0,0.0,299521326.0,0.037289351388717,0.0124841733684723,0.242362874098995,2021.0,0.0867924539207486,0.5126037140097542,0.1653989830118447,0.8268535648190032,0.2123617738370688,0,Poland_2021,0,0.98399734,0.0068121064,0.009190527,0.98399734,Low,0.42,0.0,0.001,3.73,36.6,Recovery (2021),3,Poland,98.4,High (≥80%),Export-heavy
2022,Poland,0.0169388484830666,0.0033545086283549,6670015354.0,7.040669030487726,420110621.0,0.451875910718548,0.0124841733684723,0.242362874098995,2022.0,0.1184430474023401,0.6744171041482776,0.1705306320458229,0.644388153783457,0.2684224389511009,0,Poland_2022,0,0.88938147,0.09868377,0.0119346995,0.88938147,Low,6.67,0.113,0.022,45.19,46.3,Post-COVID (2022),4,Poland,88.9,High (≥80%),Import-heavy
2019,Portugal,0.0037879531202319,0.0015349523296861,1723707699.087,3.127364201442525,0.0,0.0257574309132079,0.0044283106630339,0.1750769748214677,2019.0,0.0387086195455581,0.5810010212576333,0.2683194166787207,0.6508809600055586,0.1747133087556245,0,Portugal_2019,0,0.7381484,0.0030032159,0.25884837,0.7381484,Low,1.724,0.007,0.003,2.58,30.1,Pre-COVID (2019),1,Portugal,73.8,Medium (50-80%),Import-heavy
2020,Portugal,0.0037823843082463,0.0018366176508001,1790077674.827,2.6838993789798,1723707699.087,0.0268603119540707,0.0044283106630339,0.1750769748214677,2020.0,0.0313301304368763,0.6716733278481574,0.1514958389392041,0.5999745904655779,0.1556155717588483,0,Portugal_2020,0,0.8615246,0.0012287651,0.13724674,0.8615246,Low,1.79,0.007,0.003,2.69,26.8,COVID Shock (2020),2,Portugal,86.2,High (≥80%),Import-heavy
2021,Portugal,0.0053815044322714,0.0025258416015462,2497475490.229,2.8904898221108715,1790077674.827,0.0370765458958812,0.0044283106630339,0.1750769748214677,2021.0,0.0332221665057488,0.6942265739628242,0.2466128058863647,0.5938149267125009,0.1662465656789649,0,Portugal_2021,0,0.9483197,0.008635137,0.043045286,0.9483197,Low,2.497,0.013,0.006,3.71,28.7,Recovery (2021),3,Portugal,94.8,High (≥80%),Import-heavy
2022,Portugal,0.0084869376537354,0.0053530405011228,4208235353.671,2.282666201969322,2497475490.229,0.0453778577650563,0.0044283106630339,0.1750769748214677,2022.0,0.0337035293815049,0.7703704330579177,0.3271671968419552,0.5116597548662359,0.1636389913714193,0,Portugal_2022,0,0.90067774,0.06959913,0.029723156,0.90067774,Low,4.208,0.036,0.023,4.54,28.2,Post-COVID (2022),4,Portugal,90.1,High (≥80%),Import-heavy
2019,Rep. of Korea,0.1146008949299766,0.3862212355714362,127015911736.0,0.451581282036396,0.0,0.0257574309132079,0.1137144915040483,0.5335345027944097,2019.0,0.1221647320214036,0.8734670563220417,0.5305561438459543,0.5708103922111866,0.311326632548732,0,Rep. of Korea_2019,2,0.14752822,0.21338016,0.6390916,0.6390916,High,127.016,14.556,49.056,2.58,53.7,Pre-COVID (2019),1,South Korea,63.9,Medium (50-80%),Export-heavy
2020,Rep. of Korea,0.1398079891715758,0.3950241691595492,137700048237.0,0.5386419232678539,127015911736.0,0.0281667922216185,0.1137144915040483,0.5335345027944097,2020.0,0.088112887379258,0.6883575916745482,0.2217297835691011,0.7127595896709543,0.302218248401694,0,Rep. of Korea_2020,2,0.2514704,0.26149905,0.48703054,0.48703054,High,137.7,19.252,54.395,2.82,52.1,COVID Shock (2020),2,South Korea,48.7,Low (<50%),Export-heavy
2021,Rep. of Korea,0.1806913938378928,0.4965074641266242,174770046953.0,0.5539532365519576,137700048237.0,0.0334684026698316,0.1137144915040483,0.5335345027944097,2021.0,0.0774777481205265,0.9835565768874336,0.6156050817297481,0.520209268502589,0.3137835521321464,0,Rep. of Korea_2021,0,0.5754978,0.3854361,0.03906609,0.5754978,Low,174.77,31.579,86.775,3.35,54.1,Recovery (2021),3,South Korea,57.5,Medium (50-80%),Export-heavy
2022,Rep. of Korea,0.1907488541248801,0.4976266096563635,178491187600.0,0.583472469847169,174770046953.0,0.0263672903047889,0.1137144915040483,0.5335345027944097,2022.0,0.0958055899433488,1.0,0.628994176924786,0.4614159357145787,0.3048832392604401,0,Rep. of Korea_2022,0,0.7083388,0.2879574,0.0037038152,0.7083388,Low,178.491,34.047,88.822,2.64,52.6,Post-COVID (2022),4,South Korea,70.8,Medium (50-80%),Export-heavy
2019,Romania,0.0,4.891545306364351e-05,81224600.58,0.0,0.0,0.0257574309132079,0.0069876085291278,0.5280984770264784,0.0,0.0,0.0,0.4651280527187281,0.0,0.1857851932698724,0,Romania_2019,0,0.7402163,0.0029180776,0.25686553,0.7402163,Low,0.081,0.0,0.0,2.58,32.0,Pre-COVID (2019),1,Romania,74.0,Medium (50-80%),Export-heavy
2020,Romania,0.0,8.372503056494968e-05,89104688.35,0.0,81224600.58,0.0285362744782419,0.0069876085291278,0.5280984770264784,0.0,0.0,0.0,0.4651280527187281,0.0,0.1863409619828791,0,Romania_2020,0,0.8390457,0.0126696825,0.14828458,0.8390457,Low,0.089,0.0,0.0,2.85,32.1,COVID Shock (2020),2,Romania,83.9,High (≥80%),Export-heavy
2021,Romania,0.0,0.0002105337541974,117811266.94,0.0,89104688.35,0.0349853017562138,0.0069876085291278,0.5280984770264784,0.0,0.0,0.0,0.4651280527187281,0.0,0.1876307674384735,0,Romania_2021,1,0.2855359,0.69654506,0.017919062,0.69654506,Medium,0.118,0.0,0.0,3.5,32.4,Recovery (2021),3,Romania,69.7,Medium (50-80%),Export-heavy
2022,Romania,0.0097966889406065,0.0005447867805544,3571356873.2000003,17.458678908240966,117811266.94,0.8654087976566921,0.0069876085291278,0.5280984770264784,0.0,0.0,0.0,0.4651280527187281,0.0,0.3537154666185692,1,Romania_2022,1,0.07570853,0.9217606,0.0025307955,0.9217606,Medium,3.571,0.035,0.002,86.54,61.0,Post-COVID (2022),4,Romania,92.2,High (≥80%),Import-heavy
2019,Singapore,0.1306241372385288,0.3662641548412718,128022868983.799,0.5427428589970696,0.0,0.0257574309132079,0.2458172881944502,0.1328550673782376,2019.0,0.0490972070874389,0.9083075785074136,0.4945031894074531,0.455750561283179,0.2299233426187582,0,Singapore_2019,0,0.89121115,0.025786012,0.08300288,0.89121115,Low,128.023,16.723,46.89,2.58,39.7,Pre-COVID (2019),1,Singapore,89.1,High (≥80%),Export-heavy
2020,Singapore,0.0,0.421952470536921,95590486222.933,0.0,128022868983.799,0.018501185957397,0.2458172881944502,0.1328550673782376,2020.0,0.0389732336592477,0.8255611287750636,0.2985683607750459,0.5765544627212176,0.2269991959800611,0,Singapore_2020,0,0.94342685,0.009604868,0.046968274,0.94342685,Low,95.59,0.0,40.335,1.85,39.1,COVID Shock (2020),2,Singapore,94.3,High (≥80%),Export-heavy
2021,Singapore,0.1883199701247375,0.5585973761861031,191456092631.766,0.5132027965181807,95590486222.933,0.0544830096323474,0.2458172881944502,0.1328550673782376,2021.0,0.0315342355211556,0.9835636274184604,0.4656831345424963,0.3989324738470822,0.2242637397606759,0,Singapore_2021,0,0.9790491,0.013869397,0.007081468,0.9790491,Low,191.456,36.055,106.947,5.45,38.7,Recovery (2021),3,Singapore,97.9,High (≥80%),Export-heavy
2022,Singapore,0.2228807099657535,0.6190033610282978,217047091097.849,0.5481437962806678,191456092631.766,0.0295860192616447,0.2458172881944502,0.1328550673782376,2022.0,0.0302165836717595,0.9491853959509836,0.582062646871836,0.4412266194946075,0.2372664147665981,0,Singapore_2022,0,0.96979195,0.02849677,0.0017113078,0.96979195,Low,217.047,48.376,134.353,2.96,40.9,Post-COVID (2022),4,Singapore,97.0,High (≥80%),Export-heavy
2019,Slovakia,0.0018890635701626,0.0008984897251206,924893951.007,2.3810945824697978,0.0,0.0257574309132079,0.0,0.2541538098920914,2019.0,0.0168233164157312,0.6213413716349181,0.2545968878797878,0.660618750954578,0.1932424400868299,0,Slovakia_2019,0,0.90736526,0.0049586496,0.08767612,0.90736526,Low,0.925,0.002,0.001,2.58,33.3,Pre-COVID (2019),1,Slovakia,90.7,High (≥80%),Import-heavy
2020,Slovakia,0.0015988291486504,0.0010471686750144,858479207.983,1.7944725266717017,924893951.007,0.0237006255747212,0.0,0.2541538098920914,2020.0,0.0103407221902578,0.5345402594381629,0.2976333739423905,0.775821380392033,0.2144151220410111,0,Slovakia_2020,0,0.95848185,0.0015814235,0.039936647,0.95848185,Low,0.858,0.001,0.001,2.37,37.0,COVID Shock (2020),2,Slovakia,95.8,High (≥80%),Import-heavy
2021,Slovakia,0.002202820463261,0.0009282385051751,1039811128.809,2.70986001575024,858479207.983,0.0318075665918875,0.0,0.2541538098920914,2021.0,0.011785713937368,0.6517141691315154,0.3681078443782664,0.6794087496574798,0.208622062677849,0,Slovakia_2021,0,0.9775326,0.004425806,0.018041547,0.9775326,Low,1.04,0.002,0.001,3.18,36.0,Recovery (2021),3,Slovakia,97.8,High (≥80%),Import-heavy
2022,Slovakia,0.0027518226434953,0.0008129680142094,1203011375.145,3.732752418159297,1039811128.809,0.030253023869577,0.0,0.2541538098920914,2022.0,0.0178971259078025,0.7640715776484324,0.2382595123971996,0.6949249497898913,0.1976537509551419,0,Slovakia_2022,0,0.9614285,0.022312371,0.016259072,0.9614285,Low,1.203,0.003,0.001,3.03,34.1,Post-COVID (2022),4,Slovakia,96.1,High (≥80%),Import-heavy
2019,Spain,0.0068507175877212,0.0017466557028401,2827667428.908,5.07376962550349,0.0,0.0257574309132079,0.0107363333289796,0.6078374815165146,2019.0,0.1482307213987637,0.4486455462979419,0.245217454457508,0.8101931902982722,0.3063824805509557,0,Spain_2019,0,0.66593397,0.019695964,0.31437016,0.66593397,Low,2.828,0.019,0.005,2.58,52.8,Pre-COVID (2019),1,Spain,66.6,Medium (50-80%),Import-heavy
2020,Spain,0.0,0.0020929613015114,543949570.197,0.0,2827667428.908,0.0026242820580315,0.0107363333289796,0.6078374815165146,2020.0,0.131937608579841,0.5145659405295568,0.1138022860900073,0.7752575667062596,0.2833739904043685,0,Spain_2020,0,0.8834447,0.016338663,0.10021667,0.8834447,Low,0.544,0.0,0.001,0.26,48.9,COVID Shock (2020),2,Spain,88.3,High (≥80%),Export-heavy
2021,Spain,0.0,0.0023687825150466,606389149.402,0.0,543949570.197,0.0290453563695509,0.0107363333289796,0.6078374815165146,2021.0,0.1174073134428053,0.5976590247586056,0.2366244227956933,0.6986746971955521,0.2894529885106349,0,Spain_2021,0,0.7600762,0.208203,0.03172076,0.7600762,Low,0.606,0.0,0.001,2.9,49.9,Recovery (2021),3,Spain,76.0,Medium (50-80%),Export-heavy
2022,Spain,0.0156449315718514,0.0025788267999411,6048278910.143,8.24900481897188,606389149.402,0.2828082259162311,0.0107363333289796,0.6078374815165146,2022.0,0.1173829292070728,0.5452304865880789,0.2831119471808138,0.7413410755001449,0.3512542716041718,1,Spain_2022,1,0.15144446,0.84021866,0.008336891,0.84021866,Medium,6.048,0.095,0.016,28.28,60.6,Post-COVID (2022),4,Spain,84.0,High (≥80%),Import-heavy
2019,Sweden,0.0022794556561468,0.0016069218100355,1219873078.71,1.8112765479508155,0.0,0.0257574309132079,0.0030801511647636,0.0083094205551866,2019.0,0.0697380110750671,0.6555780162636865,0.2653180182215174,0.7270495026990735,0.1437421138978801,0,Sweden_2019,0,0.92599714,0.0024159176,0.07158691,0.92599714,Low,1.22,0.003,0.002,2.58,24.8,Pre-COVID (2019),1,Sweden,92.6,High (≥80%),Import-heavy
2020,Sweden,0.0,0.0018166103967914,481390081.09,0.0,1219873078.71,0.0084175349557922,0.0030801511647636,0.0083094205551866,2020.0,0.0395051712461526,0.5932672509800387,0.1295668256020113,0.7959110605239507,0.1370282491181779,0,Sweden_2020,0,0.953329,0.0020954106,0.04457559,0.953329,Low,0.481,0.0,0.001,0.84,23.6,COVID Shock (2020),2,Sweden,95.3,High (≥80%),Export-heavy
2021,Sweden,0.0032681584457376,0.0027120974825485,1810962142.965,1.6471884128371717,481390081.09,0.1048681580269629,0.0030801511647636,0.0083094205551866,2021.0,0.0348532009402995,0.642948599174847,0.3373588305072288,0.7212229994999745,0.1658943650693373,0,Sweden_2021,0,0.97830665,0.005378734,0.016314512,0.97830665,Low,1.811,0.006,0.005,10.49,28.6,Recovery (2021),3,Sweden,97.8,High (≥80%),Import-heavy
2022,Sweden,0.0049724546754458,0.0030632260874345,2478087455.015,2.245289445859155,1810962142.965,0.0363090396981181,0.0030801511647636,0.0083094205551866,2022.0,0.0722775840706134,0.6118725683847341,0.3335629650002376,0.7257174320948404,0.1524771197420992,0,Sweden_2022,0,0.9583237,0.026390724,0.015285545,0.9583237,Low,2.478,0.012,0.008,3.63,26.3,Post-COVID (2022),4,Sweden,95.8,High (≥80%),Import-heavy
2019,Switzerland,0.0,0.0060993908219852,1450913070.816,0.0,0.0,0.0257574309132079,0.0045606528405785,0.1116915576184998,2019.0,0.0760779123655134,0.7696046149946497,0.1927508134680728,0.5585970460694933,0.1375072096966714,0,Switzerland_2019,0,0.6918858,0.0011755878,0.3069386,0.6918858,Low,1.451,0.0,0.009,2.58,23.7,Pre-COVID (2019),1,Switzerland,69.2,Medium (50-80%),Export-heavy
2020,Switzerland,0.0,0.0058417153084375,1392581260.76,0.0,1450913070.816,0.0246058758920689,0.0045606528405785,0.1116915576184998,2020.0,0.0616496697706174,0.738465225413805,0.1413479682002669,0.6210201174123229,0.1415000748670874,0,Switzerland_2020,0,0.8265873,0.00041358342,0.17299914,0.8265873,Low,1.393,0.0,0.008,2.46,24.4,COVID Shock (2020),2,Switzerland,82.7,High (≥80%),Export-heavy
2021,Switzerland,0.0,0.0074330330251717,1752818993.532,0.0,1392581260.76,0.0331669374813933,0.0045606528405785,0.1116915576184998,2021.0,0.0550451543664816,0.7128886304875427,0.2198149322580946,0.6743473503614223,0.1590580685331,0,Switzerland_2021,0,0.9701554,0.0014046204,0.028439999,0.9701554,Low,1.753,0.0,0.013,3.32,27.4,Recovery (2021),3,Switzerland,97.0,High (≥80%),Export-heavy
2022,Switzerland,0.0058701094769915,0.007907208412781,3884163196.666,1.088078595889191,1752818993.532,0.060586122140847,0.0045606528405785,0.1116915576184998,2022.0,0.0540201133458752,0.7731284451998917,0.2742490159477331,0.5911960227297812,0.1575126146892084,0,Switzerland_2022,0,0.97628766,0.008955745,0.014756666,0.97628766,Low,3.884,0.023,0.031,6.06,27.2,Post-COVID (2022),4,Switzerland,97.6,High (≥80%),Balanced
2019,Thailand,0.0284151011213115,0.0396209693602941,18836896534.128,1.083859463149931,0.0,0.0257574309132079,0.0186774724401829,8.093729076961473e-05,2019.0,0.0555680607549671,0.5758858797428776,0.3861819194795172,0.7627787242606177,0.1638099628244332,0,Thailand_2019,0,0.88638955,0.016850492,0.0967599,0.88638955,Low,18.837,0.535,0.746,2.58,28.2,Pre-COVID (2019),1,Thailand,88.6,High (≥80%),Balanced
2020,Thailand,0.0297789248065184,0.040424303258141,19488996483.94,1.1134797355901502,18836896534.128,0.0267490056383968,0.0186774724401829,8.093729076961473e-05,2020.0,0.0389623962211443,0.4894338352187637,0.0220473543374974,0.8080768193157439,0.134389535513538,0,Thailand_2020,0,0.94511133,0.006389152,0.04849948,0.94511133,Low,19.489,0.58,0.788,2.67,23.2,COVID Shock (2020),2,Thailand,94.5,High (≥80%),Balanced
2021,Thailand,0.0383872870785674,0.0476515888078581,24093233505.616,1.2190661555494755,19488996483.94,0.0325243164308647,0.0186774724401829,8.093729076961473e-05,2021.0,0.0283841535124553,0.6029652353911966,0.2800249464114349,0.7194488720568589,0.1480481647905925,0,Thailand_2021,0,0.97775304,0.0091053415,0.013141611,0.97775304,Low,24.093,0.925,1.148,3.25,25.5,Recovery (2021),3,Thailand,97.8,High (≥80%),Balanced
2022,Thailand,0.0469928383021505,0.0528695818572904,28241643672.626,1.345922560905107,24093233505.616,0.0306892511015285,0.0186774724401829,8.093729076961473e-05,2022.0,0.03410541771117,0.6366233544733503,0.4243286531414682,0.7056299367558906,0.1600386821025834,0,Thailand_2022,0,0.9619123,0.030328864,0.007758863,0.9619123,Low,28.242,1.327,1.493,3.07,27.6,Post-COVID (2022),4,Thailand,96.2,High (≥80%),Balanced
2019,Türkiye,0.0021527767585075,0.0005403814712499,934754249.0,3.8563403891824137,0.0,0.0257574309132079,0.0025276780602902,0.5080535617157662,0.0,0.0,0.0,0.4651280527187281,0.0,0.179435985301543,0,Türkiye_2019,2,0.42981002,0.00042820597,0.5697618,0.5697618,High,0.935,0.002,0.001,2.58,30.9,Pre-COVID (2019),1,Turkey,57.0,Medium (50-80%),Import-heavy
2020,Türkiye,0.0028799964776238,0.0005062434406335,1177770063.113,5.37483110767698,934754249.0,0.033204025690208,0.0025276780602902,0.5080535617157662,0.0,0.0,0.0,0.4651280527187281,0.0,0.180925304256943,0,Türkiye_2020,0,0.52715206,8.647168e-05,0.47276142,0.52715206,Low,1.178,0.003,0.001,3.32,31.2,COVID Shock (2020),2,Turkey,52.7,Medium (50-80%),Import-heavy
2021,Türkiye,0.0039512825531444,0.0004017865440936,1523500682.67,8.456481732354177,1177770063.113,0.0341655328211371,0.0025276780602902,0.5080535617157662,0.0,0.0,0.0,0.4651280527187281,0.0,0.1811176056831289,0,Türkiye_2021,0,0.88877785,0.0005810562,0.1106411,0.88877785,Low,1.524,0.006,0.001,3.42,31.2,Recovery (2021),3,Turkey,88.9,High (≥80%),Import-heavy
2022,Türkiye,0.006604571436805,0.0010228436223975,2578942328.78,7.548048597555038,1523500682.67,0.0456006536435272,0.0025276780602902,0.5080535617157662,0.0,0.0,0.0,0.4651280527187281,0.0,0.1834046298476069,0,Türkiye_2022,0,0.949027,0.0059675095,0.045005508,0.949027,Low,2.579,0.017,0.003,4.56,31.6,Post-COVID (2022),4,Turkey,94.9,High (≥80%),Import-heavy
2019,USA,0.1442298947877787,0.2443918207201989,105125012961.0,0.8977402098252114,0.0,0.0257574309132079,0.1457103759867616,0.0549803556931314,2019.0,1.0,0.5105317203195808,0.111036960576462,0.8005922695594677,0.1938022243935193,0,USA_2019,0,0.8912887,0.00065050303,0.10806082,0.8912887,Low,105.125,15.162,25.692,2.58,33.4,Pre-COVID (2019),1,United States,89.1,High (≥80%),Balanced
2020,USA,0.0,0.2760969307796843,62572146515.0,0.0,105125012961.0,0.0141631613913209,0.1457103759867616,0.0549803556931314,2020.0,0.7766528637442507,0.4753031022121722,0.0361402581211523,0.866906439801678,0.1939408257799424,0,USA_2020,0,0.8846561,0.0008875846,0.11445633,0.8846561,Low,62.572,0.0,17.276,1.42,33.4,COVID Shock (2020),2,United States,88.5,High (≥80%),Export-heavy
2021,USA,0.0,0.3397450844373951,76980624676.0,0.0,62572146515.0,0.032353082298657,0.1457103759867616,0.0549803556931314,2021.0,0.7683677868134321,0.5085849520322535,0.1064467882084985,0.8348127048260552,0.1997954027238008,0,USA_2021,0,0.97549033,0.007398494,0.017111238,0.97549033,Low,76.981,0.0,26.154,3.24,34.5,Recovery (2021),3,United States,97.5,High (≥80%),Export-heavy
2022,USA,0.1826526104401839,0.3305107040925232,137868421690.0,0.8409414150242952,76980624676.0,0.0484127124732993,0.1457103759867616,0.0549803556931314,2022.0,0.7271846189009477,0.5584697022254748,0.1640078221437428,0.762426243624928,0.1979054629720847,0,USA_2022,0,0.9768429,0.019658143,0.003498971,0.9768429,Low,137.868,25.182,45.567,4.84,34.1,Post-COVID (2022),4,United States,97.7,High (≥80%),Balanced
2019,United Kingdom,0.0078003369575422,0.0114289203419382,5346936289.396,1.0120961743102632,0.0,0.0257574309132079,0.0111084943378428,0.0,2019.0,0.4610319502486453,0.5496069286915667,0.2185475335383811,0.7675114415945301,0.1454655040770121,0,United Kingdom_2019,0,0.9227801,0.0012344234,0.07598549,0.9227801,Low,5.347,0.042,0.061,2.58,25.1,Pre-COVID (2019),1,United Kingdom,92.3,High (≥80%),Balanced
2020,United Kingdom,0.0,0.0109582230624521,2550840943.056,0.0,5346936289.396,0.0107789558380705,0.0111084943378428,0.0,2020.0,0.3673145901286331,0.6520987169157446,0.150006872341872,0.7008904968539765,0.1256226012312506,0,United Kingdom_2020,0,0.959053,0.00051021384,0.040436767,0.959053,Low,2.551,0.0,0.028,1.08,21.7,COVID Shock (2020),2,United Kingdom,95.9,High (≥80%),Export-heavy
2021,United Kingdom,0.0,0.0132920775308648,3079171919.001,0.0,2550840943.056,0.0316900071595505,0.0111084943378428,0.0,2021.0,0.3745062779292074,0.620769567570357,0.2264743170279998,0.7508203134584032,0.1449410284548234,0,United Kingdom_2021,0,0.9775634,0.0027614017,0.01967519,0.9775634,Low,3.079,0.0,0.041,3.17,25.0,Recovery (2021),3,United Kingdom,97.8,High (≥80%),Export-heavy
2022,United Kingdom,0.0137676278723869,0.0159335107442883,8424181719.403,1.2909654922596645,3079171919.001,0.075477898250086,0.0111084943378428,0.0,2022.0,0.3220115339963754,0.6426854412728413,0.2820617701081765,0.6834063311727848,0.1491452546381054,0,United Kingdom_2022,0,0.96036404,0.021879338,0.017756665,0.96036404,Low,8.424,0.116,0.134,7.55,25.7,Post-COVID (2022),4,United Kingdom,96.0,High (≥80%),Balanced
2019,Viet Nam,0.0888085429501317,0.060058141591275,44286938127.87,2.240681574898312,0.0,0.0257574309132079,0.1092807587067784,0.275074975305459,0.0,0.0,0.0,0.4651280527187281,0.0,0.1532172628929127,0,Viet Nam_2019,2,0.33532512,0.008824547,0.65585035,0.65585035,High,44.287,3.933,2.66,2.58,26.4,Pre-COVID (2019),1,Vietnam,65.6,Medium (50-80%),Import-heavy
2020,Viet Nam,0.0,0.0762200863980447,17324625861.845,0.0,44286938127.87,0.0083192125127197,0.1092807587067784,0.275074975305459,0.0,0.0,0.0,0.4651280527187281,0.0,0.149729619212815,0,Viet Nam_2020,2,0.42691582,0.004133617,0.56895053,0.56895053,High,17.325,0.0,1.32,0.83,25.8,COVID Shock (2020),2,Vietnam,56.9,Medium (50-80%),Export-heavy
2021,Viet Nam,0.0,0.0837048668565759,19019008017.164,0.0,17324625861.845,0.0285587858503221,0.1092807587067784,0.275074975305459,0.0,0.0,0.0,0.4651280527187281,0.0,0.1537775338803355,0,Viet Nam_2021,0,0.9168888,0.018931406,0.064179875,0.9168888,Low,19.019,0.0,1.592,2.86,26.5,Recovery (2021),3,Vietnam,91.7,High (≥80%),Export-heavy
2022,Viet Nam,0.1449024370227022,0.0895248578466527,70298585504.72198,2.4567657136318206,19019008017.164,0.1029858617094331,0.1092807587067784,0.275074975305459,0.0,0.0,0.0,0.4651280527187281,0.0,0.1686629490521577,0,Viet Nam_2022,0,0.9565977,0.033140432,0.010261972,0.9565977,Low,70.299,10.186,6.293,10.3,29.1,Post-COVID (2022),4,Vietnam,95.7,High (≥80%),Import-heavy
